timestamp,source_timestamp,variable,value_C,threshold_C,exceeds,degree_hours
2025-07-08 01:00:00, 07/08  01:00:00,SPACE1-1:Zone Operative Temperature [C](Hourly),22.008,24.000,0,0.000
2025-07-08 02:00:00, 07/08  02:00:00,SPACE1-1:Zone Operative Temperature [C](Hourly),21.862,24.000,0,0.000
2025-07-08 03:00:00, 07/08  03:00:00,SPACE1-1:Zone Operative Temperature [C](Hourly),21.753,24.000,0,0.000
2025-07-08 04:00:00, 07/08  04:00:00,SPACE1-1:Zone Operative Temperature [C](Hourly),21.678,24.000,0,0.000
2025-07-08 05:00:00, 07/08  05:00:00,SPACE1-1:Zone Operative Temperature [C](Hourly),21.638,24.000,0,0.000
2025-07-08 06:00:00, 07/08  06:00:00,SPACE1-1:Zone Operative Temperature [C](Hourly),21.627,24.000,0,0.000
2025-07-08 07:00:00, 07/08  07:00:00,SPACE1-1:Zone Operative Temperature [C](Hourly),21.941,24.000,0,0.000
2025-07-08 08:00:00, 07/08  08:00:00,SPACE1-1:Zone Operative Temperature [C](Hourly),22.108,24.000,0,0.000
2025-07-08 09:00:00, 07/08  09:00:00,SPACE1-1:Zone Operative Temperature [C](Hourly),23.222,24.000,0,0.000
2025-07-08 10:00:00, 07/08  10:00:00,SPACE1-1:Zone Operative Temperature [C](Hourly),24.038,24.000,1,0.038
2025-07-08 11:00:00, 07/08  11:00:00,SPACE1-1:Zone Operative Temperature [C](Hourly),24.335,24.000,1,0.335
2025-07-08 12:00:00, 07/08  12:00:00,SPACE1-1:Zone Operative Temperature [C](Hourly),24.483,24.000,1,0.483
2025-07-08 13:00:00, 07/08  13:00:00,SPACE1-1:Zone Operative Temperature [C](Hourly),24.513,24.000,1,0.513
2025-07-08 14:00:00, 07/08  14:00:00,SPACE1-1:Zone Operative Temperature [C](Hourly),24.593,24.000,1,0.593
2025-07-08 15:00:00, 07/08  15:00:00,SPACE1-1:Zone Operative Temperature [C](Hourly),24.649,24.000,1,0.649
2025-07-08 16:00:00, 07/08  16:00:00,SPACE1-1:Zone Operative Temperature [C](Hourly),24.617,24.000,1,0.617
2025-07-08 17:00:00, 07/08  17:00:00,SPACE1-1:Zone Operative Temperature [C](Hourly),24.493,24.000,1,0.493
2025-07-08 18:00:00, 07/08  18:00:00,SPACE1-1:Zone Operative Temperature [C](Hourly),24.307,24.000,1,0.307
2025-07-08 19:00:00, 07/08  19:00:00,SPACE1-1:Zone Operative Temperature [C](Hourly),23.975,24.000,0,0.000
2025-07-08 20:00:00, 07/08  20:00:00,SPACE1-1:Zone Operative Temperature [C](Hourly),23.154,24.000,0,0.000
2025-07-08 21:00:00, 07/08  21:00:00,SPACE1-1:Zone Operative Temperature [C](Hourly),22.969,24.000,0,0.000
2025-07-08 22:00:00, 07/08  22:00:00,SPACE1-1:Zone Operative Temperature [C](Hourly),22.738,24.000,0,0.000
2025-07-08 23:00:00, 07/08  23:00:00,SPACE1-1:Zone Operative Temperature [C](Hourly),22.433,24.000,0,0.000
2025-07-09 00:00:00, 07/08  24:00:00,SPACE1-1:Zone Operative Temperature [C](Hourly),22.197,24.000,0,0.000
2025-07-09 01:00:00, 07/09  01:00:00,SPACE1-1:Zone Operative Temperature [C](Hourly),22.011,24.000,0,0.000
2025-07-09 02:00:00, 07/09  02:00:00,SPACE1-1:Zone Operative Temperature [C](Hourly),21.866,24.000,0,0.000
2025-07-09 03:00:00, 07/09  03:00:00,SPACE1-1:Zone Operative Temperature [C](Hourly),21.758,24.000,0,0.000
2025-07-09 04:00:00, 07/09  04:00:00,SPACE1-1:Zone Operative Temperature [C](Hourly),21.687,24.000,0,0.000
2025-07-09 05:00:00, 07/09  05:00:00,SPACE1-1:Zone Operative Temperature [C](Hourly),21.649,24.000,0,0.000
2025-07-09 06:00:00, 07/09  06:00:00,SPACE1-1:Zone Operative Temperature [C](Hourly),21.640,24.000,0,0.000
2025-07-09 07:00:00, 07/09  07:00:00,SPACE1-1:Zone Operative Temperature [C](Hourly),21.945,24.000,0,0.000
2025-07-09 08:00:00, 07/09  08:00:00,SPACE1-1:Zone Operative Temperature [C](Hourly),22.111,24.000,0,0.000
2025-07-09 09:00:00, 07/09  09:00:00,SPACE1-1:Zone Operative Temperature [C](Hourly),23.225,24.000,0,0.000
2025-07-09 10:00:00, 07/09  10:00:00,SPACE1-1:Zone Operative Temperature [C](Hourly),24.041,24.000,1,0.041
2025-07-09 11:00:00, 07/09  11:00:00,SPACE1-1:Zone Operative Temperature [C](Hourly),24.339,24.000,1,0.339
2025-07-09 12:00:00, 07/09  12:00:00,SPACE1-1:Zone Operative Temperature [C](Hourly),24.487,24.000,1,0.487
2025-07-09 13:00:00, 07/09  13:00:00,SPACE1-1:Zone Operative Temperature [C](Hourly),24.517,24.000,1,0.517
2025-07-09 14:00:00, 07/09  14:00:00,SPACE1-1:Zone Operative Temperature [C](Hourly),24.595,24.000,1,0.595
2025-07-09 15:00:00, 07/09  15:00:00,SPACE1-1:Zone Operative Temperature [C](Hourly),24.651,24.000,1,0.651
2025-07-09 16:00:00, 07/09  16:00:00,SPACE1-1:Zone Operative Temperature [C](Hourly),24.620,24.000,1,0.620
2025-07-09 17:00:00, 07/09  17:00:00,SPACE1-1:Zone Operative Temperature [C](Hourly),24.497,24.000,1,0.497
2025-07-09 18:00:00, 07/09  18:00:00,SPACE1-1:Zone Operative Temperature [C](Hourly),24.310,24.000,1,0.310
2025-07-09 19:00:00, 07/09  19:00:00,SPACE1-1:Zone Operative Temperature [C](Hourly),23.981,24.000,0,0.000
2025-07-09 20:00:00, 07/09  20:00:00,SPACE1-1:Zone Operative Temperature [C](Hourly),23.162,24.000,0,0.000
2025-07-09 21:00:00, 07/09  21:00:00,SPACE1-1:Zone Operative Temperature [C](Hourly),22.978,24.000,0,0.000
2025-07-09 22:00:00, 07/09  22:00:00,SPACE1-1:Zone Operative Temperature [C](Hourly),22.750,24.000,0,0.000
2025-07-09 23:00:00, 07/09  23:00:00,SPACE1-1:Zone Operative Temperature [C](Hourly),22.446,24.000,0,0.000
2025-07-10 00:00:00, 07/09  24:00:00,SPACE1-1:Zone Operative Temperature [C](Hourly),22.211,24.000,0,0.000
2025-07-10 01:00:00, 07/10  01:00:00,SPACE1-1:Zone Operative Temperature [C](Hourly),22.026,24.000,0,0.000
2025-07-10 02:00:00, 07/10  02:00:00,SPACE1-1:Zone Operative Temperature [C](Hourly),21.882,24.000,0,0.000
2025-07-10 03:00:00, 07/10  03:00:00,SPACE1-1:Zone Operative Temperature [C](Hourly),21.774,24.000,0,0.000
2025-07-10 04:00:00, 07/10  04:00:00,SPACE1-1:Zone Operative Temperature [C](Hourly),21.700,24.000,0,0.000
2025-07-10 05:00:00, 07/10  05:00:00,SPACE1-1:Zone Operative Temperature [C](Hourly),21.658,24.000,0,0.000
2025-07-10 06:00:00, 07/10  06:00:00,SPACE1-1:Zone Operative Temperature [C](Hourly),21.647,24.000,0,0.000
2025-07-10 07:00:00, 07/10  07:00:00,SPACE1-1:Zone Operative Temperature [C](Hourly),21.947,24.000,0,0.000
2025-07-10 08:00:00, 07/10  08:00:00,SPACE1-1:Zone Operative Temperature [C](Hourly),22.113,24.000,0,0.000
2025-07-10 09:00:00, 07/10  09:00:00,SPACE1-1:Zone Operative Temperature [C](Hourly),23.230,24.000,0,0.000
2025-07-10 10:00:00, 07/10  10:00:00,SPACE1-1:Zone Operative Temperature [C](Hourly),24.043,24.000,1,0.043
2025-07-10 11:00:00, 07/10  11:00:00,SPACE1-1:Zone Operative Temperature [C](Hourly),24.342,24.000,1,0.342
2025-07-10 12:00:00, 07/10  12:00:00,SPACE1-1:Zone Operative Temperature [C](Hourly),24.491,24.000,1,0.491
2025-07-10 13:00:00, 07/10  13:00:00,SPACE1-1:Zone Operative Temperature [C](Hourly),24.521,24.000,1,0.521
2025-07-10 14:00:00, 07/10  14:00:00,SPACE1-1:Zone Operative Temperature [C](Hourly),24.599,24.000,1,0.599
2025-07-10 15:00:00, 07/10  15:00:00,SPACE1-1:Zone Operative Temperature [C](Hourly),24.655,24.000,1,0.655
2025-07-10 16:00:00, 07/10  16:00:00,SPACE1-1:Zone Operative Temperature [C](Hourly),24.625,24.000,1,0.625
2025-07-10 17:00:00, 07/10  17:00:00,SPACE1-1:Zone Operative Temperature [C](Hourly),24.501,24.000,1,0.501
2025-07-10 18:00:00, 07/10  18:00:00,SPACE1-1:Zone Operative Temperature [C](Hourly),24.313,24.000,1,0.313
2025-07-10 19:00:00, 07/10  19:00:00,SPACE1-1:Zone Operative Temperature [C](Hourly),23.983,24.000,0,0.000
2025-07-10 20:00:00, 07/10  20:00:00,SPACE1-1:Zone Operative Temperature [C](Hourly),23.167,24.000,0,0.000
2025-07-10 21:00:00, 07/10  21:00:00,SPACE1-1:Zone Operative Temperature [C](Hourly),22.985,24.000,0,0.000
2025-07-10 22:00:00, 07/10  22:00:00,SPACE1-1:Zone Operative Temperature [C](Hourly),22.755,24.000,0,0.000
2025-07-10 23:00:00, 07/10  23:00:00,SPACE1-1:Zone Operative Temperature [C](Hourly),22.449,24.000,0,0.000
2025-07-11 00:00:00, 07/10  24:00:00,SPACE1-1:Zone Operative Temperature [C](Hourly),22.214,24.000,0,0.000
2025-07-11 01:00:00, 07/11  01:00:00,SPACE1-1:Zone Operative Temperature [C](Hourly),22.028,24.000,0,0.000
2025-07-11 02:00:00, 07/11  02:00:00,SPACE1-1:Zone Operative Temperature [C](Hourly),21.887,24.000,0,0.000
2025-07-11 03:00:00, 07/11  03:00:00,SPACE1-1:Zone Operative Temperature [C](Hourly),21.781,24.000,0,0.000
2025-07-11 04:00:00, 07/11  04:00:00,SPACE1-1:Zone Operative Temperature [C](Hourly),21.707,24.000,0,0.000
2025-07-11 05:00:00, 07/11  05:00:00,SPACE1-1:Zone Operative Temperature [C](Hourly),21.669,24.000,0,0.000
2025-07-11 06:00:00, 07/11  06:00:00,SPACE1-1:Zone Operative Temperature [C](Hourly),21.659,24.000,0,0.000
2025-07-11 07:00:00, 07/11  07:00:00,SPACE1-1:Zone Operative Temperature [C](Hourly),21.952,24.000,0,0.000
2025-07-11 08:00:00, 07/11  08:00:00,SPACE1-1:Zone Operative Temperature [C](Hourly),22.117,24.000,0,0.000
2025-07-11 09:00:00, 07/11  09:00:00,SPACE1-1:Zone Operative Temperature [C](Hourly),23.240,24.000,0,0.000
2025-07-11 10:00:00, 07/11  10:00:00,SPACE1-1:Zone Operative Temperature [C](Hourly),24.048,24.000,1,0.048
2025-07-11 11:00:00, 07/11  11:00:00,SPACE1-1:Zone Operative Temperature [C](Hourly),24.346,24.000,1,0.346
2025-07-11 12:00:00, 07/11  12:00:00,SPACE1-1:Zone Operative Temperature [C](Hourly),24.494,24.000,1,0.494
2025-07-11 13:00:00, 07/11  13:00:00,SPACE1-1:Zone Operative Temperature [C](Hourly),24.524,24.000,1,0.524
2025-07-11 14:00:00, 07/11  14:00:00,SPACE1-1:Zone Operative Temperature [C](Hourly),24.603,24.000,1,0.603
2025-07-11 15:00:00, 07/11  15:00:00,SPACE1-1:Zone Operative Temperature [C](Hourly),24.659,24.000,1,0.659
2025-07-11 16:00:00, 07/11  16:00:00,SPACE1-1:Zone Operative Temperature [C](Hourly),24.628,24.000,1,0.628
2025-07-11 17:00:00, 07/11  17:00:00,SPACE1-1:Zone Operative Temperature [C](Hourly),24.503,24.000,1,0.503
2025-07-11 18:00:00, 07/11  18:00:00,SPACE1-1:Zone Operative Temperature [C](Hourly),24.316,24.000,1,0.316
2025-07-11 19:00:00, 07/11  19:00:00,SPACE1-1:Zone Operative Temperature [C](Hourly),23.988,24.000,0,0.000
2025-07-11 20:00:00, 07/11  20:00:00,SPACE1-1:Zone Operative Temperature [C](Hourly),23.177,24.000,0,0.000
2025-07-11 21:00:00, 07/11  21:00:00,SPACE1-1:Zone Operative Temperature [C](Hourly),22.997,24.000,0,0.000
2025-07-11 22:00:00, 07/11  22:00:00,SPACE1-1:Zone Operative Temperature [C](Hourly),22.768,24.000,0,0.000
2025-07-11 23:00:00, 07/11  23:00:00,SPACE1-1:Zone Operative Temperature [C](Hourly),22.464,24.000,0,0.000
2025-07-12 00:00:00, 07/11  24:00:00,SPACE1-1:Zone Operative Temperature [C](Hourly),22.229,24.000,0,0.000
2025-07-12 01:00:00, 07/12  01:00:00,SPACE1-1:Zone Operative Temperature [C](Hourly),22.183,24.000,0,0.000
2025-07-12 02:00:00, 07/12  02:00:00,SPACE1-1:Zone Operative Temperature [C](Hourly),22.142,24.000,0,0.000
2025-07-12 03:00:00, 07/12  03:00:00,SPACE1-1:Zone Operative Temperature [C](Hourly),22.086,24.000,0,0.000
2025-07-12 04:00:00, 07/12  04:00:00,SPACE1-1:Zone Operative Temperature [C](Hourly),22.042,24.000,0,0.000
2025-07-12 05:00:00, 07/12  05:00:00,SPACE1-1:Zone Operative Temperature [C](Hourly),22.015,24.000,0,0.000
2025-07-12 06:00:00, 07/12  06:00:00,SPACE1-1:Zone Operative Temperature [C](Hourly),22.013,24.000,0,0.000
2025-07-12 07:00:00, 07/12  07:00:00,SPACE1-1:Zone Operative Temperature [C](Hourly),22.064,24.000,0,0.000
2025-07-12 08:00:00, 07/12  08:00:00,SPACE1-1:Zone Operative Temperature [C](Hourly),22.376,24.000,0,0.000
2025-07-12 09:00:00, 07/12  09:00:00,SPACE1-1:Zone Operative Temperature [C](Hourly),22.949,24.000,0,0.000
2025-07-12 10:00:00, 07/12  10:00:00,SPACE1-1:Zone Operative Temperature [C](Hourly),23.631,24.000,0,0.000
2025-07-12 11:00:00, 07/12  11:00:00,SPACE1-1:Zone Operative Temperature [C](Hourly),24.298,24.000,1,0.298
2025-07-12 12:00:00, 07/12  12:00:00,SPACE1-1:Zone Operative Temperature [C](Hourly),24.869,24.000,1,0.869
2025-07-12 13:00:00, 07/12  13:00:00,SPACE1-1:Zone Operative Temperature [C](Hourly),25.280,24.000,1,1.280
2025-07-12 14:00:00, 07/12  14:00:00,SPACE1-1:Zone Operative Temperature [C](Hourly),25.608,24.000,1,1.608
2025-07-12 15:00:00, 07/12  15:00:00,SPACE1-1:Zone Operative Temperature [C](Hourly),25.845,24.000,1,1.845
2025-07-12 16:00:00, 07/12  16:00:00,SPACE1-1:Zone Operative Temperature [C](Hourly),25.909,24.000,1,1.909
2025-07-12 17:00:00, 07/12  17:00:00,SPACE1-1:Zone Operative Temperature [C](Hourly),25.723,24.000,1,1.723
2025-07-12 18:00:00, 07/12  18:00:00,SPACE1-1:Zone Operative Temperature [C](Hourly),25.253,24.000,1,1.253
2025-07-12 19:00:00, 07/12  19:00:00,SPACE1-1:Zone Operative Temperature [C](Hourly),24.598,24.000,1,0.598
2025-07-12 20:00:00, 07/12  20:00:00,SPACE1-1:Zone Operative Temperature [C](Hourly),24.039,24.000,1,0.039
2025-07-12 21:00:00, 07/12  21:00:00,SPACE1-1:Zone Operative Temperature [C](Hourly),23.610,24.000,0,0.000
2025-07-12 22:00:00, 07/12  22:00:00,SPACE1-1:Zone Operative Temperature [C](Hourly),23.260,24.000,0,0.000
2025-07-12 23:00:00, 07/12  23:00:00,SPACE1-1:Zone Operative Temperature [C](Hourly),22.968,24.000,0,0.000
2025-07-13 00:00:00, 07/12  24:00:00,SPACE1-1:Zone Operative Temperature [C](Hourly),22.724,24.000,0,0.000
2025-07-13 01:00:00, 07/13  01:00:00,SPACE1-1:Zone Operative Temperature [C](Hourly),22.529,24.000,0,0.000
2025-07-13 02:00:00, 07/13  02:00:00,SPACE1-1:Zone Operative Temperature [C](Hourly),22.377,24.000,0,0.000
2025-07-13 03:00:00, 07/13  03:00:00,SPACE1-1:Zone Operative Temperature [C](Hourly),22.260,24.000,0,0.000
2025-07-13 04:00:00, 07/13  04:00:00,SPACE1-1:Zone Operative Temperature [C](Hourly),22.177,24.000,0,0.000
2025-07-13 05:00:00, 07/13  05:00:00,SPACE1-1:Zone Operative Temperature [C](Hourly),22.127,24.000,0,0.000
2025-07-13 06:00:00, 07/13  06:00:00,SPACE1-1:Zone Operative Temperature [C](Hourly),22.103,24.000,0,0.000
2025-07-13 07:00:00, 07/13  07:00:00,SPACE1-1:Zone Operative Temperature [C](Hourly),22.134,24.000,0,0.000
2025-07-13 08:00:00, 07/13  08:00:00,SPACE1-1:Zone Operative Temperature [C](Hourly),22.442,24.000,0,0.000
2025-07-13 09:00:00, 07/13  09:00:00,SPACE1-1:Zone Operative Temperature [C](Hourly),23.000,24.000,0,0.000
2025-07-13 10:00:00, 07/13  10:00:00,SPACE1-1:Zone Operative Temperature [C](Hourly),23.670,24.000,0,0.000
2025-07-13 11:00:00, 07/13  11:00:00,SPACE1-1:Zone Operative Temperature [C](Hourly),24.332,24.000,1,0.332
2025-07-13 12:00:00, 07/13  12:00:00,SPACE1-1:Zone Operative Temperature [C](Hourly),24.891,24.000,1,0.891
2025-07-13 13:00:00, 07/13  13:00:00,SPACE1-1:Zone Operative Temperature [C](Hourly),25.304,24.000,1,1.304
2025-07-13 14:00:00, 07/13  14:00:00,SPACE1-1:Zone Operative Temperature [C](Hourly),25.633,24.000,1,1.633
2025-07-13 15:00:00, 07/13  15:00:00,SPACE1-1:Zone Operative Temperature [C](Hourly),25.871,24.000,1,1.871
2025-07-13 16:00:00, 07/13  16:00:00,SPACE1-1:Zone Operative Temperature [C](Hourly),25.933,24.000,1,1.933
2025-07-13 17:00:00, 07/13  17:00:00,SPACE1-1:Zone Operative Temperature [C](Hourly),25.742,24.000,1,1.742
2025-07-13 18:00:00, 07/13  18:00:00,SPACE1-1:Zone Operative Temperature [C](Hourly),25.268,24.000,1,1.268
2025-07-13 19:00:00, 07/13  19:00:00,SPACE1-1:Zone Operative Temperature [C](Hourly),24.610,24.000,1,0.610
2025-07-13 20:00:00, 07/13  20:00:00,SPACE1-1:Zone Operative Temperature [C](Hourly),24.051,24.000,1,0.051
2025-07-13 21:00:00, 07/13  21:00:00,SPACE1-1:Zone Operative Temperature [C](Hourly),23.621,24.000,0,0.000
2025-07-13 22:00:00, 07/13  22:00:00,SPACE1-1:Zone Operative Temperature [C](Hourly),23.269,24.000,0,0.000
2025-07-13 23:00:00, 07/13  23:00:00,SPACE1-1:Zone Operative Temperature [C](Hourly),22.978,24.000,0,0.000
2025-07-14 00:00:00, 07/13  24:00:00,SPACE1-1:Zone Operative Temperature [C](Hourly),22.737,24.000,0,0.000
2025-07-14 01:00:00, 07/14  01:00:00,SPACE1-1:Zone Operative Temperature [C](Hourly),22.401,24.000,0,0.000
2025-07-14 02:00:00, 07/14  02:00:00,SPACE1-1:Zone Operative Temperature [C](Hourly),22.143,24.000,0,0.000
2025-07-14 03:00:00, 07/14  03:00:00,SPACE1-1:Zone Operative Temperature [C](Hourly),21.972,24.000,0,0.000
2025-07-14 04:00:00, 07/14  04:00:00,SPACE1-1:Zone Operative Temperature [C](Hourly),21.861,24.000,0,0.000
2025-07-14 05:00:00, 07/14  05:00:00,SPACE1-1:Zone Operative Temperature [C](Hourly),21.794,24.000,0,0.000
2025-07-14 06:00:00, 07/14  06:00:00,SPACE1-1:Zone Operative Temperature [C](Hourly),21.764,24.000,0,0.000
2025-07-14 07:00:00, 07/14  07:00:00,SPACE1-1:Zone Operative Temperature [C](Hourly),21.982,24.000,0,0.000
2025-07-14 08:00:00, 07/14  08:00:00,SPACE1-1:Zone Operative Temperature [C](Hourly),22.137,24.000,0,0.000
2025-07-14 09:00:00, 07/14  09:00:00,SPACE1-1:Zone Operative Temperature [C](Hourly),23.270,24.000,0,0.000
2025-07-14 10:00:00, 07/14  10:00:00,SPACE1-1:Zone Operative Temperature [C](Hourly),24.065,24.000,1,0.065
2025-07-14 11:00:00, 07/14  11:00:00,SPACE1-1:Zone Operative Temperature [C](Hourly),24.359,24.000,1,0.359
2025-07-14 12:00:00, 07/14  12:00:00,SPACE1-1:Zone Operative Temperature [C](Hourly),24.506,24.000,1,0.506
2025-07-14 13:00:00, 07/14  13:00:00,SPACE1-1:Zone Operative Temperature [C](Hourly),24.535,24.000,1,0.535
2025-07-14 14:00:00, 07/14  14:00:00,SPACE1-1:Zone Operative Temperature [C](Hourly),24.613,24.000,1,0.613
2025-07-14 15:00:00, 07/14  15:00:00,SPACE1-1:Zone Operative Temperature [C](Hourly),24.670,24.000,1,0.670
2025-07-14 16:00:00, 07/14  16:00:00,SPACE1-1:Zone Operative Temperature [C](Hourly),24.639,24.000,1,0.639
2025-07-14 17:00:00, 07/14  17:00:00,SPACE1-1:Zone Operative Temperature [C](Hourly),24.514,24.000,1,0.514
2025-07-14 18:00:00, 07/14  18:00:00,SPACE1-1:Zone Operative Temperature [C](Hourly),24.325,24.000,1,0.325
2025-07-14 19:00:00, 07/14  19:00:00,SPACE1-1:Zone Operative Temperature [C](Hourly),24.000,24.000,1,0.000
2025-07-14 20:00:00, 07/14  20:00:00,SPACE1-1:Zone Operative Temperature [C](Hourly),23.197,24.000,0,0.000
2025-07-14 21:00:00, 07/14  21:00:00,SPACE1-1:Zone Operative Temperature [C](Hourly),23.020,24.000,0,0.000
2025-07-14 22:00:00, 07/14  22:00:00,SPACE1-1:Zone Operative Temperature [C](Hourly),22.796,24.000,0,0.000
2025-07-14 23:00:00, 07/14  23:00:00,SPACE1-1:Zone Operative Temperature [C](Hourly),22.494,24.000,0,0.000
2025-07-15 00:00:00, 07/14  24:00:00,SPACE1-1:Zone Operative Temperature [C](Hourly),22.260,24.000,0,0.000
2025-07-15 01:00:00, 07/15  01:00:00,SPACE1-1:Zone Operative Temperature [C](Hourly),22.076,24.000,0,0.000
2025-07-15 02:00:00, 07/15  02:00:00,SPACE1-1:Zone Operative Temperature [C](Hourly),21.933,24.000,0,0.000
2025-07-15 03:00:00, 07/15  03:00:00,SPACE1-1:Zone Operative Temperature [C](Hourly),21.826,24.000,0,0.000
2025-07-15 04:00:00, 07/15  04:00:00,SPACE1-1:Zone Operative Temperature [C](Hourly),21.752,24.000,0,0.000
2025-07-15 05:00:00, 07/15  05:00:00,SPACE1-1:Zone Operative Temperature [C](Hourly),21.711,24.000,0,0.000
2025-07-15 06:00:00, 07/15  06:00:00,SPACE1-1:Zone Operative Temperature [C](Hourly),21.702,24.000,0,0.000
2025-07-15 07:00:00, 07/15  07:00:00,SPACE1-1:Zone Operative Temperature [C](Hourly),21.968,24.000,0,0.000
2025-07-15 08:00:00, 07/15  08:00:00,SPACE1-1:Zone Operative Temperature [C](Hourly),22.129,24.000,0,0.000
2025-07-15 09:00:00, 07/15  09:00:00,SPACE1-1:Zone Operative Temperature [C](Hourly),23.267,24.000,0,0.000
2025-07-15 10:00:00, 07/15  10:00:00,SPACE1-1:Zone Operative Temperature [C](Hourly),24.065,24.000,1,0.065
2025-07-15 11:00:00, 07/15  11:00:00,SPACE1-1:Zone Operative Temperature [C](Hourly),24.361,24.000,1,0.361
2025-07-15 12:00:00, 07/15  12:00:00,SPACE1-1:Zone Operative Temperature [C](Hourly),24.508,24.000,1,0.508
2025-07-15 13:00:00, 07/15  13:00:00,SPACE1-1:Zone Operative Temperature [C](Hourly),24.538,24.000,1,0.538
2025-07-15 14:00:00, 07/15  14:00:00,SPACE1-1:Zone Operative Temperature [C](Hourly),24.616,24.000,1,0.616
2025-07-15 15:00:00, 07/15  15:00:00,SPACE1-1:Zone Operative Temperature [C](Hourly),24.672,24.000,1,0.672
2025-07-15 16:00:00, 07/15  16:00:00,SPACE1-1:Zone Operative Temperature [C](Hourly),24.642,24.000,1,0.642
2025-07-15 17:00:00, 07/15  17:00:00,SPACE1-1:Zone Operative Temperature [C](Hourly),24.517,24.000,1,0.517
2025-07-15 18:00:00, 07/15  18:00:00,SPACE1-1:Zone Operative Temperature [C](Hourly),24.329,24.000,1,0.329
2025-07-15 19:00:00, 07/15  19:00:00,SPACE1-1:Zone Operative Temperature [C](Hourly),24.005,24.000,1,0.005
2025-07-15 20:00:00, 07/15  20:00:00,SPACE1-1:Zone Operative Temperature [C](Hourly),23.207,24.000,0,0.000
2025-07-15 21:00:00, 07/15  21:00:00,SPACE1-1:Zone Operative Temperature [C](Hourly),23.032,24.000,0,0.000
2025-07-15 22:00:00, 07/15  22:00:00,SPACE1-1:Zone Operative Temperature [C](Hourly),22.810,24.000,0,0.000
2025-07-15 23:00:00, 07/15  23:00:00,SPACE1-1:Zone Operative Temperature [C](Hourly),22.506,24.000,0,0.000
2025-07-16 00:00:00, 07/15  24:00:00,SPACE1-1:Zone Operative Temperature [C](Hourly),22.268,24.000,0,0.000
2025-07-16 01:00:00, 07/16  01:00:00,SPACE1-1:Zone Operative Temperature [C](Hourly),22.085,24.000,0,0.000
2025-07-16 02:00:00, 07/16  02:00:00,SPACE1-1:Zone Operative Temperature [C](Hourly),21.945,24.000,0,0.000
2025-07-16 03:00:00, 07/16  03:00:00,SPACE1-1:Zone Operative Temperature [C](Hourly),21.839,24.000,0,0.000
2025-07-16 04:00:00, 07/16  04:00:00,SPACE1-1:Zone Operative Temperature [C](Hourly),21.767,24.000,0,0.000
2025-07-16 05:00:00, 07/16  05:00:00,SPACE1-1:Zone Operative Temperature [C](Hourly),21.726,24.000,0,0.000
2025-07-16 06:00:00, 07/16  06:00:00,SPACE1-1:Zone Operative Temperature [C](Hourly),21.715,24.000,0,0.000
2025-07-16 07:00:00, 07/16  07:00:00,SPACE1-1:Zone Operative Temperature [C](Hourly),21.970,24.000,0,0.000
2025-07-16 08:00:00, 07/16  08:00:00,SPACE1-1:Zone Operative Temperature [C](Hourly),22.133,24.000,0,0.000
2025-07-16 09:00:00, 07/16  09:00:00,SPACE1-1:Zone Operative Temperature [C](Hourly),23.272,24.000,0,0.000
2025-07-16 10:00:00, 07/16  10:00:00,SPACE1-1:Zone Operative Temperature [C](Hourly),24.067,24.000,1,0.067
2025-07-16 11:00:00, 07/16  11:00:00,SPACE1-1:Zone Operative Temperature [C](Hourly),24.362,24.000,1,0.362
2025-07-16 12:00:00, 07/16  12:00:00,SPACE1-1:Zone Operative Temperature [C](Hourly),24.510,24.000,1,0.510
2025-07-16 13:00:00, 07/16  13:00:00,SPACE1-1:Zone Operative Temperature [C](Hourly),24.540,24.000,1,0.540
2025-07-16 14:00:00, 07/16  14:00:00,SPACE1-1:Zone Operative Temperature [C](Hourly),24.619,24.000,1,0.619
2025-07-16 15:00:00, 07/16  15:00:00,SPACE1-1:Zone Operative Temperature [C](Hourly),24.676,24.000,1,0.676
2025-07-16 16:00:00, 07/16  16:00:00,SPACE1-1:Zone Operative Temperature [C](Hourly),24.645,24.000,1,0.645
2025-07-16 17:00:00, 07/16  17:00:00,SPACE1-1:Zone Operative Temperature [C](Hourly),24.519,24.000,1,0.519
2025-07-16 18:00:00, 07/16  18:00:00,SPACE1-1:Zone Operative Temperature [C](Hourly),24.330,24.000,1,0.330
2025-07-16 19:00:00, 07/16  19:00:00,SPACE1-1:Zone Operative Temperature [C](Hourly),24.006,24.000,1,0.006
2025-07-16 20:00:00, 07/16  20:00:00,SPACE1-1:Zone Operative Temperature [C](Hourly),23.211,24.000,0,0.000
2025-07-16 21:00:00, 07/16  21:00:00,SPACE1-1:Zone Operative Temperature [C](Hourly),23.038,24.000,0,0.000
2025-07-16 22:00:00, 07/16  22:00:00,SPACE1-1:Zone Operative Temperature [C](Hourly),22.813,24.000,0,0.000
2025-07-16 23:00:00, 07/16  23:00:00,SPACE1-1:Zone Operative Temperature [C](Hourly),22.511,24.000,0,0.000
2025-07-17 00:00:00, 07/16  24:00:00,SPACE1-1:Zone Operative Temperature [C](Hourly),22.278,24.000,0,0.000
2025-07-17 01:00:00, 07/17  01:00:00,SPACE1-1:Zone Operative Temperature [C](Hourly),22.094,24.000,0,0.000
2025-07-17 02:00:00, 07/17  02:00:00,SPACE1-1:Zone Operative Temperature [C](Hourly),21.951,24.000,0,0.000
2025-07-17 03:00:00, 07/17  03:00:00,SPACE1-1:Zone Operative Temperature [C](Hourly),21.844,24.000,0,0.000
2025-07-17 04:00:00, 07/17  04:00:00,SPACE1-1:Zone Operative Temperature [C](Hourly),21.773,24.000,0,0.000
2025-07-17 05:00:00, 07/17  05:00:00,SPACE1-1:Zone Operative Temperature [C](Hourly),21.736,24.000,0,0.000
2025-07-17 06:00:00, 07/17  06:00:00,SPACE1-1:Zone Operative Temperature [C](Hourly),21.727,24.000,0,0.000
2025-07-17 07:00:00, 07/17  07:00:00,SPACE1-1:Zone Operative Temperature [C](Hourly),21.975,24.000,0,0.000
2025-07-17 08:00:00, 07/17  08:00:00,SPACE1-1:Zone Operative Temperature [C](Hourly),22.136,24.000,0,0.000
2025-07-17 09:00:00, 07/17  09:00:00,SPACE1-1:Zone Operative Temperature [C](Hourly),23.277,24.000,0,0.000
2025-07-17 10:00:00, 07/17  10:00:00,SPACE1-1:Zone Operative Temperature [C](Hourly),24.071,24.000,1,0.071
2025-07-17 11:00:00, 07/17  11:00:00,SPACE1-1:Zone Operative Temperature [C](Hourly),24.367,24.000,1,0.367
2025-07-17 12:00:00, 07/17  12:00:00,SPACE1-1:Zone Operative Temperature [C](Hourly),24.514,24.000,1,0.514
2025-07-17 13:00:00, 07/17  13:00:00,SPACE1-1:Zone Operative Temperature [C](Hourly),24.544,24.000,1,0.544
2025-07-17 14:00:00, 07/17  14:00:00,SPACE1-1:Zone Operative Temperature [C](Hourly),24.621,24.000,1,0.621
2025-07-17 15:00:00, 07/17  15:00:00,SPACE1-1:Zone Operative Temperature [C](Hourly),24.678,24.000,1,0.678
2025-07-17 16:00:00, 07/17  16:00:00,SPACE1-1:Zone Operative Temperature [C](Hourly),24.648,24.000,1,0.648
2025-07-17 17:00:00, 07/17  17:00:00,SPACE1-1:Zone Operative Temperature [C](Hourly),24.523,24.000,1,0.523
2025-07-17 18:00:00, 07/17  18:00:00,SPACE1-1:Zone Operative Temperature [C](Hourly),24.334,24.000,1,0.334
2025-07-17 19:00:00, 07/17  19:00:00,SPACE1-1:Zone Operative Temperature [C](Hourly),24.010,24.000,1,0.010
2025-07-17 20:00:00, 07/17  20:00:00,SPACE1-1:Zone Operative Temperature [C](Hourly),23.218,24.000,0,0.000
2025-07-17 21:00:00, 07/17  21:00:00,SPACE1-1:Zone Operative Temperature [C](Hourly),23.046,24.000,0,0.000
2025-07-17 22:00:00, 07/17  22:00:00,SPACE1-1:Zone Operative Temperature [C](Hourly),22.825,24.000,0,0.000
2025-07-17 23:00:00, 07/17  23:00:00,SPACE1-1:Zone Operative Temperature [C](Hourly),22.525,24.000,0,0.000
2025-07-18 00:00:00, 07/17  24:00:00,SPACE1-1:Zone Operative Temperature [C](Hourly),22.292,24.000,0,0.000
2025-07-18 01:00:00, 07/18  01:00:00,SPACE1-1:Zone Operative Temperature [C](Hourly),22.109,24.000,0,0.000
2025-07-18 02:00:00, 07/18  02:00:00,SPACE1-1:Zone Operative Temperature [C](Hourly),21.966,24.000,0,0.000
2025-07-18 03:00:00, 07/18  03:00:00,SPACE1-1:Zone Operative Temperature [C](Hourly),21.860,24.000,0,0.000
2025-07-18 04:00:00, 07/18  04:00:00,SPACE1-1:Zone Operative Temperature [C](Hourly),21.787,24.000,0,0.000
2025-07-18 05:00:00, 07/18  05:00:00,SPACE1-1:Zone Operative Temperature [C](Hourly),21.745,24.000,0,0.000
2025-07-18 06:00:00, 07/18  06:00:00,SPACE1-1:Zone Operative Temperature [C](Hourly),21.734,24.000,0,0.000
2025-07-18 07:00:00, 07/18  07:00:00,SPACE1-1:Zone Operative Temperature [C](Hourly),21.977,24.000,0,0.000
2025-07-18 08:00:00, 07/18  08:00:00,SPACE1-1:Zone Operative Temperature [C](Hourly),22.138,24.000,0,0.000
2025-07-18 09:00:00, 07/18  09:00:00,SPACE1-1:Zone Operative Temperature [C](Hourly),23.281,24.000,0,0.000
2025-07-18 10:00:00, 07/18  10:00:00,SPACE1-1:Zone Operative Temperature [C](Hourly),24.073,24.000,1,0.073
2025-07-18 11:00:00, 07/18  11:00:00,SPACE1-1:Zone Operative Temperature [C](Hourly),24.369,24.000,1,0.369
2025-07-18 12:00:00, 07/18  12:00:00,SPACE1-1:Zone Operative Temperature [C](Hourly),24.518,24.000,1,0.518
2025-07-18 13:00:00, 07/18  13:00:00,SPACE1-1:Zone Operative Temperature [C](Hourly),24.548,24.000,1,0.548
2025-07-18 14:00:00, 07/18  14:00:00,SPACE1-1:Zone Operative Temperature [C](Hourly),24.626,24.000,1,0.626
2025-07-18 15:00:00, 07/18  15:00:00,SPACE1-1:Zone Operative Temperature [C](Hourly),24.683,24.000,1,0.683
2025-07-18 16:00:00, 07/18  16:00:00,SPACE1-1:Zone Operative Temperature [C](Hourly),24.653,24.000,1,0.653
2025-07-18 17:00:00, 07/18  17:00:00,SPACE1-1:Zone Operative Temperature [C](Hourly),24.528,24.000,1,0.528
2025-07-18 18:00:00, 07/18  18:00:00,SPACE1-1:Zone Operative Temperature [C](Hourly),24.337,24.000,1,0.337
2025-07-18 19:00:00, 07/18  19:00:00,SPACE1-1:Zone Operative Temperature [C](Hourly),24.012,24.000,1,0.012
2025-07-18 20:00:00, 07/18  20:00:00,SPACE1-1:Zone Operative Temperature [C](Hourly),23.223,24.000,0,0.000
2025-07-18 21:00:00, 07/18  21:00:00,SPACE1-1:Zone Operative Temperature [C](Hourly),23.053,24.000,0,0.000
2025-07-18 22:00:00, 07/18  22:00:00,SPACE1-1:Zone Operative Temperature [C](Hourly),22.829,24.000,0,0.000
2025-07-18 23:00:00, 07/18  23:00:00,SPACE1-1:Zone Operative Temperature [C](Hourly),22.528,24.000,0,0.000
2025-07-19 00:00:00, 07/18  24:00:00,SPACE1-1:Zone Operative Temperature [C](Hourly),22.295,24.000,0,0.000
2025-07-19 01:00:00, 07/19  01:00:00,SPACE1-1:Zone Operative Temperature [C](Hourly),22.250,24.000,0,0.000
2025-07-19 02:00:00, 07/19  02:00:00,SPACE1-1:Zone Operative Temperature [C](Hourly),22.212,24.000,0,0.000
2025-07-19 03:00:00, 07/19  03:00:00,SPACE1-1:Zone Operative Temperature [C](Hourly),22.160,24.000,0,0.000
2025-07-19 04:00:00, 07/19  04:00:00,SPACE1-1:Zone Operative Temperature [C](Hourly),22.117,24.000,0,0.000
2025-07-19 05:00:00, 07/19  05:00:00,SPACE1-1:Zone Operative Temperature [C](Hourly),22.093,24.000,0,0.000
2025-07-19 06:00:00, 07/19  06:00:00,SPACE1-1:Zone Operative Temperature [C](Hourly),22.091,24.000,0,0.000
2025-07-19 07:00:00, 07/19  07:00:00,SPACE1-1:Zone Operative Temperature [C](Hourly),22.140,24.000,0,0.000
2025-07-19 08:00:00, 07/19  08:00:00,SPACE1-1:Zone Operative Temperature [C](Hourly),22.456,24.000,0,0.000
2025-07-19 09:00:00, 07/19  09:00:00,SPACE1-1:Zone Operative Temperature [C](Hourly),23.034,24.000,0,0.000
2025-07-19 10:00:00, 07/19  10:00:00,SPACE1-1:Zone Operative Temperature [C](Hourly),23.721,24.000,0,0.000
2025-07-19 11:00:00, 07/19  11:00:00,SPACE1-1:Zone Operative Temperature [C](Hourly),24.394,24.000,1,0.394
2025-07-19 12:00:00, 07/19  12:00:00,SPACE1-1:Zone Operative Temperature [C](Hourly),24.969,24.000,1,0.969
2025-07-19 13:00:00, 07/19  13:00:00,SPACE1-1:Zone Operative Temperature [C](Hourly),25.387,24.000,1,1.387
2025-07-19 14:00:00, 07/19  14:00:00,SPACE1-1:Zone Operative Temperature [C](Hourly),25.722,24.000,1,1.722
2025-07-19 15:00:00, 07/19  15:00:00,SPACE1-1:Zone Operative Temperature [C](Hourly),25.967,24.000,1,1.967
2025-07-19 16:00:00, 07/19  16:00:00,SPACE1-1:Zone Operative Temperature [C](Hourly),26.032,24.000,1,2.032
2025-07-19 17:00:00, 07/19  17:00:00,SPACE1-1:Zone Operative Temperature [C](Hourly),25.841,24.000,1,1.841
2025-07-19 18:00:00, 07/19  18:00:00,SPACE1-1:Zone Operative Temperature [C](Hourly),25.363,24.000,1,1.363
2025-07-19 19:00:00, 07/19  19:00:00,SPACE1-1:Zone Operative Temperature [C](Hourly),24.700,24.000,1,0.700
2025-07-19 20:00:00, 07/19  20:00:00,SPACE1-1:Zone Operative Temperature [C](Hourly),24.136,24.000,1,0.136
2025-07-19 21:00:00, 07/19  21:00:00,SPACE1-1:Zone Operative Temperature [C](Hourly),23.703,24.000,0,0.000
2025-07-19 22:00:00, 07/19  22:00:00,SPACE1-1:Zone Operative Temperature [C](Hourly),23.348,24.000,0,0.000
2025-07-19 23:00:00, 07/19  23:00:00,SPACE1-1:Zone Operative Temperature [C](Hourly),23.055,24.000,0,0.000
2025-07-20 00:00:00, 07/19  24:00:00,SPACE1-1:Zone Operative Temperature [C](Hourly),22.813,24.000,0,0.000
2025-07-20 01:00:00, 07/20  01:00:00,SPACE1-1:Zone Operative Temperature [C](Hourly),22.616,24.000,0,0.000
2025-07-20 02:00:00, 07/20  02:00:00,SPACE1-1:Zone Operative Temperature [C](Hourly),22.459,24.000,0,0.000
2025-07-20 03:00:00, 07/20  03:00:00,SPACE1-1:Zone Operative Temperature [C](Hourly),22.339,24.000,0,0.000
2025-07-20 04:00:00, 07/20  04:00:00,SPACE1-1:Zone Operative Temperature [C](Hourly),22.255,24.000,0,0.000
2025-07-20 05:00:00, 07/20  05:00:00,SPACE1-1:Zone Operative Temperature [C](Hourly),22.203,24.000,0,0.000
2025-07-20 06:00:00, 07/20  06:00:00,SPACE1-1:Zone Operative Temperature [C](Hourly),22.181,24.000,0,0.000
2025-07-20 07:00:00, 07/20  07:00:00,SPACE1-1:Zone Operative Temperature [C](Hourly),22.216,24.000,0,0.000
2025-07-20 08:00:00, 07/20  08:00:00,SPACE1-1:Zone Operative Temperature [C](Hourly),22.525,24.000,0,0.000
2025-07-20 09:00:00, 07/20  09:00:00,SPACE1-1:Zone Operative Temperature [C](Hourly),23.088,24.000,0,0.000
2025-07-20 10:00:00, 07/20  10:00:00,SPACE1-1:Zone Operative Temperature [C](Hourly),23.769,24.000,0,0.000
2025-07-20 11:00:00, 07/20  11:00:00,SPACE1-1:Zone Operative Temperature [C](Hourly),24.439,24.000,1,0.439
2025-07-20 12:00:00, 07/20  12:00:00,SPACE1-1:Zone Operative Temperature [C](Hourly),25.004,24.000,1,1.004
2025-07-20 13:00:00, 07/20  13:00:00,SPACE1-1:Zone Operative Temperature [C](Hourly),25.419,24.000,1,1.419
2025-07-20 14:00:00, 07/20  14:00:00,SPACE1-1:Zone Operative Temperature [C](Hourly),25.748,24.000,1,1.748
2025-07-20 15:00:00, 07/20  15:00:00,SPACE1-1:Zone Operative Temperature [C](Hourly),25.989,24.000,1,1.989
2025-07-20 16:00:00, 07/20  16:00:00,SPACE1-1:Zone Operative Temperature [C](Hourly),26.053,24.000,1,2.053
2025-07-20 17:00:00, 07/20  17:00:00,SPACE1-1:Zone Operative Temperature [C](Hourly),25.865,24.000,1,1.865
2025-07-20 18:00:00, 07/20  18:00:00,SPACE1-1:Zone Operative Temperature [C](Hourly),25.386,24.000,1,1.386
2025-07-20 19:00:00, 07/20  19:00:00,SPACE1-1:Zone Operative Temperature [C](Hourly),24.722,24.000,1,0.722
2025-07-20 20:00:00, 07/20  20:00:00,SPACE1-1:Zone Operative Temperature [C](Hourly),24.154,24.000,1,0.154
2025-07-20 21:00:00, 07/20  21:00:00,SPACE1-1:Zone Operative Temperature [C](Hourly),23.719,24.000,0,0.000
2025-07-20 22:00:00, 07/20  22:00:00,SPACE1-1:Zone Operative Temperature [C](Hourly),23.365,24.000,0,0.000
2025-07-20 23:00:00, 07/20  23:00:00,SPACE1-1:Zone Operative Temperature [C](Hourly),23.070,24.000,0,0.000
2025-07-21 00:00:00, 07/20  24:00:00,SPACE1-1:Zone Operative Temperature [C](Hourly),22.823,24.000,0,0.000
2025-07-21 01:00:00, 07/21  01:00:00,SPACE1-1:Zone Operative Temperature [C](Hourly),22.487,24.000,0,0.000
2025-07-21 02:00:00, 07/21  02:00:00,SPACE1-1:Zone Operative Temperature [C](Hourly),22.230,24.000,0,0.000
2025-07-21 03:00:00, 07/21  03:00:00,SPACE1-1:Zone Operative Temperature [C](Hourly),22.061,24.000,0,0.000
2025-07-21 04:00:00, 07/21  04:00:00,SPACE1-1:Zone Operative Temperature [C](Hourly),21.946,24.000,0,0.000
2025-07-21 05:00:00, 07/21  05:00:00,SPACE1-1:Zone Operative Temperature [C](Hourly),21.876,24.000,0,0.000
2025-07-21 06:00:00, 07/21  06:00:00,SPACE1-1:Zone Operative Temperature [C](Hourly),21.844,24.000,0,0.000
2025-07-21 07:00:00, 07/21  07:00:00,SPACE1-1:Zone Operative Temperature [C](Hourly),22.008,24.000,0,0.000
2025-07-21 08:00:00, 07/21  08:00:00,SPACE1-1:Zone Operative Temperature [C](Hourly),22.158,24.000,0,0.000
2025-07-21 09:00:00, 07/21  09:00:00,SPACE1-1:Zone Operative Temperature [C](Hourly),23.312,24.000,0,0.000
2025-07-21 10:00:00, 07/21  10:00:00,SPACE1-1:Zone Operative Temperature [C](Hourly),24.089,24.000,1,0.089
2025-07-21 11:00:00, 07/21  11:00:00,SPACE1-1:Zone Operative Temperature [C](Hourly),24.382,24.000,1,0.382
2025-07-21 12:00:00, 07/21  12:00:00,SPACE1-1:Zone Operative Temperature [C](Hourly),24.528,24.000,1,0.528
2025-07-21 13:00:00, 07/21  13:00:00,SPACE1-1:Zone Operative Temperature [C](Hourly),24.558,24.000,1,0.558
2025-07-21 14:00:00, 07/21  14:00:00,SPACE1-1:Zone Operative Temperature [C](Hourly),24.636,24.000,1,0.636
2025-07-21 15:00:00, 07/21  15:00:00,SPACE1-1:Zone Operative Temperature [C](Hourly),24.694,24.000,1,0.694
2025-07-21 16:00:00, 07/21  16:00:00,SPACE1-1:Zone Operative Temperature [C](Hourly),24.662,24.000,1,0.662
2025-07-21 17:00:00, 07/21  17:00:00,SPACE1-1:Zone Operative Temperature [C](Hourly),24.536,24.000,1,0.536
2025-07-21 18:00:00, 07/21  18:00:00,SPACE1-1:Zone Operative Temperature [C](Hourly),24.345,24.000,1,0.345
2025-07-21 19:00:00, 07/21  19:00:00,SPACE1-1:Zone Operative Temperature [C](Hourly),24.021,24.000,1,0.021
2025-07-21 20:00:00, 07/21  20:00:00,SPACE1-1:Zone Operative Temperature [C](Hourly),23.243,24.000,0,0.000
2025-07-21 21:00:00, 07/21  21:00:00,SPACE1-1:Zone Operative Temperature [C](Hourly),23.078,24.000,0,0.000
2025-07-21 22:00:00, 07/21  22:00:00,SPACE1-1:Zone Operative Temperature [C](Hourly),22.858,24.000,0,0.000
2025-07-21 23:00:00, 07/21  23:00:00,SPACE1-1:Zone Operative Temperature [C](Hourly),22.558,24.000,0,0.000
2025-07-22 00:00:00, 07/21  24:00:00,SPACE1-1:Zone Operative Temperature [C](Hourly),22.327,24.000,0,0.000
